[{"model": "home.homepage", "pk": 25, "fields": {}}, {"model": "home.homepage", "pk": 27, "fields": {}}, {"model": "wagtailusers.userprofile", "pk": 1, "fields": {"user": 2, "submitted_notifications": true, "approved_notifications": true, "rejected_notifications": true, "updated_comments_notifications": true, "preferred_language": "", "current_time_zone": "", "avatar": ""}}, {"model": "wagtailimages.image", "pk": 1, "fields": {"collection": 1, "title": "Balloon-Rides-in-Turkey.jpg", "file": "original_images/Balloon-Rides-in-Turkey.jpg", "width": 1000, "height": 800, "created_at": "2021-05-17T18:06:19.018Z", "uploaded_by_user": 2, "focal_point_x": null, "focal_point_y": null, "focal_point_width": null, "focal_point_height": null, "file_size": 174933, "file_hash": "2f3230a9d17877fcbc78b488e84f971e42f52085"}}, {"model": "wagtailimages.image", "pk": 2, "fields": {"collection": 1, "title": "iStock-1162009708.jpg", "file": "original_images/iStock-1162009708.jpg", "width": 1254, "height": 836, "created_at": "2021-05-17T18:07:54.681Z", "uploaded_by_user": 2, "focal_point_x": null, "focal_point_y": null, "focal_point_width": null, "focal_point_height": null, "file_size": 221569, "file_hash": "66c348861dfa2a28a8f30041aa83934674472654"}}, {"model": "wagtailimages.rendition", "pk": 1, "fields": {"filter_spec": "max-165x165", "file": "images/Balloon-Rides-in-Turkey.max-165x165.jpg", "width": 165, "height": 132, "focal_point_key": "", "image": 1}}, {"model": "wagtailimages.rendition", "pk": 2, "fields": {"filter_spec": "max-165x165", "file": "images/iStock-1162009708.max-165x165.jpg", "width": 165, "height": 110, "focal_point_key": "", "image": 2}}, {"model": "wagtailcore.site", "pk": 3, "fields": {"hostname": "127.0.0.1", "port": 8000, "site_name": "MS Portfolio", "root_page": 25, "is_default_site": true}}, {"model": "wagtailcore.locale", "pk": 1, "fields": {"language_code": "en"}}, {"model": "wagtailcore.locale", "pk": 2, "fields": {"language_code": "fr"}}, {"model": "wagtailcore.locale", "pk": 3, "fields": {"language_code": "it"}}, {"model": "wagtailcore.locale", "pk": 4, "fields": {"language_code": "es"}}, {"model": "wagtailcore.page", "pk": 1, "fields": {"path": "0001", "depth": 1, "numchild": 2, "translation_key": "bcc562b0-103d-43c7-bdb1-5dd2c5ccca0c", "locale": 1, "title": "Root", "draft_title": "Root", "slug": "root", "content_type": 1, "live": true, "has_unpublished_changes": false, "url_path": "/", "owner": null, "seo_title": "", "show_in_menus": false, "search_description": "", "go_live_at": null, "expire_at": null, "expired": false, "locked": false, "locked_at": null, "locked_by": null, "first_published_at": null, "last_published_at": null, "latest_revision_created_at": null, "live_revision": null, "alias_of": null}}, {"model": "wagtailcore.page", "pk": 25, "fields": {"path": "00010001", "depth": 2, "numchild": 1, "translation_key": "60553b7b-8c94-4376-86f3-aded9975bfb0", "locale": 1, "title": "HOME", "draft_title": "HOME", "slug": "home", "content_type": 2, "live": true, "has_unpublished_changes": false, "url_path": "/home/", "owner": 2, "seo_title": "HOME", "show_in_menus": true, "search_description": "", "go_live_at": null, "expire_at": null, "expired": false, "locked": false, "locked_at": null, "locked_by": null, "first_published_at": "2021-05-17T18:38:44.543Z", "last_published_at": "2021-05-17T18:57:43.919Z", "latest_revision_created_at": "2021-05-17T18:57:43.885Z", "live_revision": 15, "alias_of": null}}, {"model": "wagtailcore.page", "pk": 27, "fields": {"path": "00010002", "depth": 2, "numchild": 0, "translation_key": "60553b7b-8c94-4376-86f3-aded9975bfb0", "locale": 3, "title": "HOME", "draft_title": "HOME", "slug": "home-1", "content_type": 2, "live": true, "has_unpublished_changes": false, "url_path": "/home-1/", "owner": 2, "seo_title": "HOME", "show_in_menus": true, "search_description": "", "go_live_at": null, "expire_at": null, "expired": false, "locked": false, "locked_at": null, "locked_by": null, "first_published_at": "2021-05-17T19:00:36.489Z", "last_published_at": "2021-05-17T19:00:36.489Z", "latest_revision_created_at": "2021-05-17T19:00:36.479Z", "live_revision": 17, "alias_of": null}}, {"model": "wagtailcore.pagerevision", "pk": 12, "fields": {"page": 25, "submitted_for_moderation": false, "created_at": "2021-05-17T18:38:44.518Z", "user": 2, "content_json": "{\"pk\": 25, \"path\": \"00010001\", \"depth\": 2, \"numchild\": 0, \"translation_key\": \"60553b7b-8c94-4376-86f3-aded9975bfb0\", \"locale\": 1, \"title\": \"home\", \"draft_title\": \"home\", \"slug\": \"home\", \"content_type\": 2, \"live\": true, \"has_unpublished_changes\": false, \"url_path\": \"/home/\", \"owner\": 2, \"seo_title\": \"\", \"show_in_menus\": false, \"search_description\": \"\", \"go_live_at\": null, \"expire_at\": null, \"expired\": false, \"locked\": false, \"locked_at\": null, \"locked_by\": null, \"first_published_at\": null, \"last_published_at\": null, \"latest_revision_created_at\": null, \"live_revision\": null, \"alias_of\": null, \"comments\": []}", "approved_go_live_at": null}}, {"model": "wagtailcore.pagerevision", "pk": 13, "fields": {"page": 25, "submitted_for_moderation": false, "created_at": "2021-05-17T18:48:49.648Z", "user": 2, "content_json": "{\"pk\": 25, \"path\": \"00010001\", \"depth\": 2, \"numchild\": 1, \"translation_key\": \"60553b7b-8c94-4376-86f3-aded9975bfb0\", \"locale\": 1, \"title\": \"home\", \"draft_title\": \"home\", \"slug\": \"home\", \"content_type\": 2, \"live\": true, \"has_unpublished_changes\": false, \"url_path\": \"/home/\", \"owner\": 2, \"seo_title\": \"\", \"show_in_menus\": true, \"search_description\": \"\", \"go_live_at\": null, \"expire_at\": null, \"expired\": false, \"locked\": false, \"locked_at\": null, \"locked_by\": null, \"first_published_at\": \"2021-05-17T18:38:44.543Z\", \"last_published_at\": \"2021-05-17T18:38:44.543Z\", \"latest_revision_created_at\": \"2021-05-17T18:38:44.518Z\", \"live_revision\": 12, \"alias_of\": null, \"comments\": []}", "approved_go_live_at": null}}, {"model": "wagtailcore.pagerevision", "pk": 15, "fields": {"page": 25, "submitted_for_moderation": false, "created_at": "2021-05-17T18:57:43.885Z", "user": 2, "content_json": "{\"pk\": 25, \"path\": \"00010001\", \"depth\": 2, \"numchild\": 1, \"translation_key\": \"60553b7b-8c94-4376-86f3-aded9975bfb0\", \"locale\": 1, \"title\": \"HOME\", \"draft_title\": \"home\", \"slug\": \"home\", \"content_type\": 2, \"live\": true, \"has_unpublished_changes\": false, \"url_path\": \"/home/\", \"owner\": 2, \"seo_title\": \"HOME\", \"show_in_menus\": true, \"search_description\": \"\", \"go_live_at\": null, \"expire_at\": null, \"expired\": false, \"locked\": false, \"locked_at\": null, \"locked_by\": null, \"first_published_at\": \"2021-05-17T18:38:44.543Z\", \"last_published_at\": \"2021-05-17T18:48:49.687Z\", \"latest_revision_created_at\": \"2021-05-17T18:48:49.648Z\", \"live_revision\": 13, \"alias_of\": null, \"comments\": []}", "approved_go_live_at": null}}, {"model": "wagtailcore.pagerevision", "pk": 16, "fields": {"page": 27, "submitted_for_moderation": false, "created_at": "2021-05-17T19:00:36.447Z", "user": null, "content_json": "{\"pk\": 27, \"path\": \"00010002\", \"depth\": 2, \"numchild\": 0, \"translation_key\": \"60553b7b-8c94-4376-86f3-aded9975bfb0\", \"locale\": 3, \"title\": \"HOME\", \"draft_title\": \"HOME\", \"slug\": \"home-it\", \"content_type\": 2, \"live\": false, \"has_unpublished_changes\": true, \"url_path\": \"/home-it/\", \"owner\": 2, \"seo_title\": \"HOME\", \"show_in_menus\": true, \"search_description\": \"\", \"go_live_at\": null, \"expire_at\": null, \"expired\": false, \"locked\": false, \"locked_at\": null, \"locked_by\": null, \"first_published_at\": null, \"last_published_at\": null, \"latest_revision_created_at\": \"2021-05-17T18:57:43.885Z\", \"live_revision\": null, \"alias_of\": null, \"comments\": []}", "approved_go_live_at": null}}, {"model": "wagtailcore.pagerevision", "pk": 17, "fields": {"page": 27, "submitted_for_moderation": false, "created_at": "2021-05-17T19:00:36.479Z", "user": 2, "content_json": "{\"pk\": 27, \"path\": \"00010002\", \"depth\": 2, \"numchild\": 0, \"translation_key\": \"60553b7b-8c94-4376-86f3-aded9975bfb0\", \"locale\": 3, \"title\": \"HOME\", \"draft_title\": \"HOME\", \"slug\": \"home-1\", \"content_type\": 2, \"live\": false, \"has_unpublished_changes\": true, \"url_path\": \"/home-1/\", \"owner\": 2, \"seo_title\": \"HOME\", \"show_in_menus\": true, \"search_description\": \"\", \"go_live_at\": null, \"expire_at\": null, \"expired\": false, \"locked\": false, \"locked_at\": null, \"locked_by\": null, \"first_published_at\": null, \"last_published_at\": null, \"latest_revision_created_at\": \"2021-05-17T19:00:36.447Z\", \"live_revision\": null, \"alias_of\": null, \"comments\": []}", "approved_go_live_at": null}}, {"model": "wagtailcore.grouppagepermission", "pk": 1, "fields": {"group": 1, "page": 1, "permission_type": "add"}}, {"model": "wagtailcore.grouppagepermission", "pk": 2, "fields": {"group": 1, "page": 1, "permission_type": "edit"}}, {"model": "wagtailcore.grouppagepermission", "pk": 3, "fields": {"group": 1, "page": 1, "permission_type": "publish"}}, {"model": "wagtailcore.grouppagepermission", "pk": 4, "fields": {"group": 2, "page": 1, "permission_type": "add"}}, {"model": "wagtailcore.grouppagepermission", "pk": 5, "fields": {"group": 2, "page": 1, "permission_type": "edit"}}, {"model": "wagtailcore.grouppagepermission", "pk": 6, "fields": {"group": 1, "page": 1, "permission_type": "lock"}}, {"model": "wagtailcore.grouppagepermission", "pk": 7, "fields": {"group": 1, "page": 1, "permission_type": "unlock"}}, {"model": "wagtailcore.collection", "pk": 1, "fields": {"path": "0001", "depth": 1, "numchild": 0, "name": "Root"}}, {"model": "wagtailcore.groupcollectionpermission", "pk": 1, "fields": {"group": 2, "collection": 1, "permission": 2}}, {"model": "wagtailcore.groupcollectionpermission", "pk": 2, "fields": {"group": 1, "collection": 1, "permission": 2}}, {"model": "wagtailcore.groupcollectionpermission", "pk": 3, "fields": {"group": 2, "collection": 1, "permission": 3}}, {"model": "wagtailcore.groupcollectionpermission", "pk": 4, "fields": {"group": 1, "collection": 1, "permission": 3}}, {"model": "wagtailcore.groupcollectionpermission", "pk": 5, "fields": {"group": 2, "collection": 1, "permission": 5}}, {"model": "wagtailcore.groupcollectionpermission", "pk": 6, "fields": {"group": 1, "collection": 1, "permission": 5}}, {"model": "wagtailcore.groupcollectionpermission", "pk": 7, "fields": {"group": 2, "collection": 1, "permission": 6}}, {"model": "wagtailcore.groupcollectionpermission", "pk": 8, "fields": {"group": 1, "collection": 1, "permission": 6}}, {"model": "wagtailcore.groupcollectionpermission", "pk": 9, "fields": {"group": 2, "collection": 1, "permission": 143}}, {"model": "wagtailcore.groupcollectionpermission", "pk": 10, "fields": {"group": 1, "collection": 1, "permission": 143}}, {"model": "wagtailcore.groupcollectionpermission", "pk": 11, "fields": {"group": 2, "collection": 1, "permission": 144}}, {"model": "wagtailcore.groupcollectionpermission", "pk": 12, "fields": {"group": 1, "collection": 1, "permission": 144}}, {"model": "wagtailcore.workflowpage", "pk": 1, "fields": {"workflow": 1}}, {"model": "wagtailcore.workflowtask", "pk": 1, "fields": {"sort_order": 0, "workflow": 1, "task": 1}}, {"model": "wagtailcore.task", "pk": 1, "fields": {"name": "Moderators approval", "content_type": 4, "active": true}}, {"model": "wagtailcore.workflow", "pk": 1, "fields": {"name": "Moderators approval", "active": true}}, {"model": "wagtailcore.groupapprovaltask", "pk": 1, "fields": {"groups": [1]}}, {"model": "wagtailcore.pagelogentry", "pk": 1, "fields": {"content_type": 2, "label": "Home", "action": "wagtail.create", "data_json": "\"\"", "timestamp": "2021-05-17T17:59:29.940Z", "user": null, "content_changed": true, "deleted": false, "page": 4, "revision": null}}, {"model": "wagtailcore.pagelogentry", "pk": 2, "fields": {"content_type": 2, "label": "Home", "action": "wagtail.create_alias", "data_json": "{\"page\": {\"id\": 4, \"title\": \"Home\"}, \"source\": {\"id\": 1, \"title\": \"Root\"}, \"destination\": {\"id\": 1, \"title\": \"Root\"}}", "timestamp": "2021-05-17T17:59:29.942Z", "user": null, "content_changed": false, "deleted": false, "page": 4, "revision": null}}, {"model": "wagtailcore.pagelogentry", "pk": 3, "fields": {"content_type": 2, "label": "Home", "action": "wagtail.publish", "data_json": "\"\"", "timestamp": "2021-05-17T17:59:29.943Z", "user": null, "content_changed": false, "deleted": false, "page": 4, "revision": null}}, {"model": "wagtailcore.pagelogentry", "pk": 4, "fields": {"content_type": 2, "label": "Home", "action": "wagtail.create", "data_json": "\"\"", "timestamp": "2021-05-17T17:59:37.563Z", "user": null, "content_changed": true, "deleted": false, "page": 5, "revision": null}}, {"model": "wagtailcore.pagelogentry", "pk": 5, "fields": {"content_type": 2, "label": "Home", "action": "wagtail.create_alias", "data_json": "{\"page\": {\"id\": 5, \"title\": \"Home\"}, \"source\": {\"id\": 1, \"title\": \"Root\"}, \"destination\": {\"id\": 1, \"title\": \"Root\"}}", "timestamp": "2021-05-17T17:59:37.565Z", "user": null, "content_changed": false, "deleted": false, "page": 5, "revision": null}}, {"model": "wagtailcore.pagelogentry", "pk": 6, "fields": {"content_type": 2, "label": "Home", "action": "wagtail.publish", "data_json": "\"\"", "timestamp": "2021-05-17T17:59:37.567Z", "user": null, "content_changed": false, "deleted": false, "page": 5, "revision": null}}, {"model": "wagtailcore.pagelogentry", "pk": 7, "fields": {"content_type": 2, "label": "Home", "action": "wagtail.convert_alias", "data_json": "{\"page\": {\"id\": 5, \"title\": \"Home\"}}", "timestamp": "2021-05-17T18:00:32.703Z", "user": 2, "content_changed": false, "deleted": false, "page": 5, "revision": 1}}, {"model": "wagtailcore.pagelogentry", "pk": 8, "fields": {"content_type": 2, "label": "Home", "action": "wagtail.publish", "data_json": "null", "timestamp": "2021-05-17T18:00:32.748Z", "user": null, "content_changed": true, "deleted": false, "page": 5, "revision": 2}}, {"model": "wagtailcore.pagelogentry", "pk": 9, "fields": {"content_type": 57, "label": "blog", "action": "wagtail.create", "data_json": "\"\"", "timestamp": "2021-05-17T18:05:29.716Z", "user": 2, "content_changed": true, "deleted": false, "page": 7, "revision": null}}, {"model": "wagtailcore.pagelogentry", "pk": 10, "fields": {"content_type": 57, "label": "blog", "action": "wagtail.create_alias", "data_json": "{\"page\": {\"id\": 7, \"title\": \"blog\"}, \"source\": {\"id\": 3, \"title\": \"Home\"}, \"destination\": {\"id\": 4, \"title\": \"Home\"}}", "timestamp": "2021-05-17T18:05:29.719Z", "user": null, "content_changed": false, "deleted": false, "page": 7, "revision": null}}, {"model": "wagtailcore.pagelogentry", "pk": 11, "fields": {"content_type": 57, "label": "blog", "action": "wagtail.publish", "data_json": "\"\"", "timestamp": "2021-05-17T18:05:29.720Z", "user": null, "content_changed": false, "deleted": false, "page": 7, "revision": null}}, {"model": "wagtailcore.pagelogentry", "pk": 12, "fields": {"content_type": 57, "label": "blog", "action": "wagtail.create", "data_json": "\"\"", "timestamp": "2021-05-17T18:05:29.733Z", "user": 2, "content_changed": true, "deleted": false, "page": 8, "revision": null}}, {"model": "wagtailcore.pagelogentry", "pk": 13, "fields": {"content_type": 57, "label": "blog", "action": "wagtail.create_alias", "data_json": "{\"page\": {\"id\": 8, \"title\": \"blog\"}, \"source\": {\"id\": 3, \"title\": \"Home\"}, \"destination\": {\"id\": 5, \"title\": \"Home\"}}", "timestamp": "2021-05-17T18:05:29.735Z", "user": null, "content_changed": false, "deleted": false, "page": 8, "revision": null}}, {"model": "wagtailcore.pagelogentry", "pk": 14, "fields": {"content_type": 57, "label": "blog", "action": "wagtail.publish", "data_json": "\"\"", "timestamp": "2021-05-17T18:05:29.736Z", "user": null, "content_changed": false, "deleted": false, "page": 8, "revision": null}}, {"model": "wagtailcore.pagelogentry", "pk": 15, "fields": {"content_type": 57, "label": "blog", "action": "wagtail.create", "data_json": "\"\"", "timestamp": "2021-05-17T18:05:29.738Z", "user": 2, "content_changed": true, "deleted": false, "page": 6, "revision": null}}, {"model": "wagtailcore.pagelogentry", "pk": 16, "fields": {"content_type": 57, "label": "blog", "action": "wagtail.publish", "data_json": "\"\"", "timestamp": "2021-05-17T18:05:29.811Z", "user": 2, "content_changed": false, "deleted": false, "page": 7, "revision": null}}, {"model": "wagtailcore.pagelogentry", "pk": 17, "fields": {"content_type": 57, "label": "blog", "action": "wagtail.publish", "data_json": "\"\"", "timestamp": "2021-05-17T18:05:29.833Z", "user": 2, "content_changed": false, "deleted": false, "page": 8, "revision": null}}, {"model": "wagtailcore.pagelogentry", "pk": 18, "fields": {"content_type": 57, "label": "blog", "action": "wagtail.publish", "data_json": "null", "timestamp": "2021-05-17T18:05:29.840Z", "user": 2, "content_changed": true, "deleted": false, "page": 6, "revision": 3}}, {"model": "wagtailcore.pagelogentry", "pk": 19, "fields": {"content_type": 57, "label": "Blog", "action": "wagtail.edit", "data_json": "\"\"", "timestamp": "2021-05-17T18:05:39.370Z", "user": 2, "content_changed": true, "deleted": false, "page": 6, "revision": 4}}, {"model": "wagtailcore.pagelogentry", "pk": 20, "fields": {"content_type": 57, "label": "Blog", "action": "wagtail.publish", "data_json": "\"\"", "timestamp": "2021-05-17T18:05:39.434Z", "user": 2, "content_changed": false, "deleted": false, "page": 7, "revision": null}}, {"model": "wagtailcore.pagelogentry", "pk": 21, "fields": {"content_type": 57, "label": "Blog", "action": "wagtail.publish", "data_json": "\"\"", "timestamp": "2021-05-17T18:05:39.457Z", "user": 2, "content_changed": false, "deleted": false, "page": 8, "revision": null}}, {"model": "wagtailcore.pagelogentry", "pk": 22, "fields": {"content_type": 57, "label": "Blog", "action": "wagtail.rename", "data_json": "{\"title\": {\"old\": \"blog\", \"new\": \"Blog\"}}", "timestamp": "2021-05-17T18:05:39.464Z", "user": 2, "content_changed": false, "deleted": false, "page": 6, "revision": 4}}, {"model": "wagtailcore.pagelogentry", "pk": 23, "fields": {"content_type": 57, "label": "Blog", "action": "wagtail.publish", "data_json": "{\"title\": {\"old\": \"blog\", \"new\": \"Blog\"}}", "timestamp": "2021-05-17T18:05:39.471Z", "user": 2, "content_changed": true, "deleted": false, "page": 6, "revision": 4}}, {"model": "wagtailcore.pagelogentry", "pk": 24, "fields": {"content_type": 56, "label": "blog post 01", "action": "wagtail.create", "data_json": "\"\"", "timestamp": "2021-05-17T18:11:03.490Z", "user": 2, "content_changed": true, "deleted": false, "page": 10, "revision": null}}, {"model": "wagtailcore.pagelogentry", "pk": 25, "fields": {"content_type": 56, "label": "blog post 01", "action": "wagtail.create_alias", "data_json": "{\"page\": {\"id\": 10, \"title\": \"blog post 01\"}, \"source\": {\"id\": 6, \"title\": \"Blog\"}, \"destination\": {\"id\": 7, \"title\": \"Blog\"}}", "timestamp": "2021-05-17T18:11:03.492Z", "user": null, "content_changed": false, "deleted": false, "page": 10, "revision": null}}, {"model": "wagtailcore.pagelogentry", "pk": 26, "fields": {"content_type": 56, "label": "blog post 01", "action": "wagtail.publish", "data_json": "\"\"", "timestamp": "2021-05-17T18:11:03.494Z", "user": null, "content_changed": false, "deleted": false, "page": 10, "revision": null}}, {"model": "wagtailcore.pagelogentry", "pk": 27, "fields": {"content_type": 56, "label": "blog post 01", "action": "wagtail.create", "data_json": "\"\"", "timestamp": "2021-05-17T18:11:03.507Z", "user": 2, "content_changed": true, "deleted": false, "page": 11, "revision": null}}, {"model": "wagtailcore.pagelogentry", "pk": 28, "fields": {"content_type": 56, "label": "blog post 01", "action": "wagtail.create_alias", "data_json": "{\"page\": {\"id\": 11, \"title\": \"blog post 01\"}, \"source\": {\"id\": 6, \"title\": \"Blog\"}, \"destination\": {\"id\": 8, \"title\": \"Blog\"}}", "timestamp": "2021-05-17T18:11:03.509Z", "user": null, "content_changed": false, "deleted": false, "page": 11, "revision": null}}, {"model": "wagtailcore.pagelogentry", "pk": 29, "fields": {"content_type": 56, "label": "blog post 01", "action": "wagtail.publish", "data_json": "\"\"", "timestamp": "2021-05-17T18:11:03.510Z", "user": null, "content_changed": false, "deleted": false, "page": 11, "revision": null}}, {"model": "wagtailcore.pagelogentry", "pk": 30, "fields": {"content_type": 56, "label": "blog post 01", "action": "wagtail.create", "data_json": "\"\"", "timestamp": "2021-05-17T18:11:03.513Z", "user": 2, "content_changed": true, "deleted": false, "page": 9, "revision": null}}, {"model": "wagtailcore.pagelogentry", "pk": 31, "fields": {"content_type": 56, "label": "blog post 01", "action": "wagtail.publish", "data_json": "\"\"", "timestamp": "2021-05-17T18:11:03.592Z", "user": 2, "content_changed": false, "deleted": false, "page": 10, "revision": null}}, {"model": "wagtailcore.pagelogentry", "pk": 32, "fields": {"content_type": 56, "label": "blog post 01", "action": "wagtail.publish", "data_json": "\"\"", "timestamp": "2021-05-17T18:11:03.615Z", "user": 2, "content_changed": false, "deleted": false, "page": 11, "revision": null}}, {"model": "wagtailcore.pagelogentry", "pk": 33, "fields": {"content_type": 56, "label": "blog post 01", "action": "wagtail.publish", "data_json": "null", "timestamp": "2021-05-17T18:11:03.623Z", "user": 2, "content_changed": true, "deleted": false, "page": 9, "revision": 5}}, {"model": "wagtailcore.pagelogentry", "pk": 34, "fields": {"content_type": 56, "label": "blog post 01", "action": "wagtail.convert_alias", "data_json": "{\"page\": {\"id\": 11, \"title\": \"blog post 01\"}}", "timestamp": "2021-05-17T18:12:09.482Z", "user": 2, "content_changed": false, "deleted": false, "page": 11, "revision": 6}}, {"model": "wagtailcore.pagelogentry", "pk": 35, "fields": {"content_type": 56, "label": "blog post 01", "action": "wagtail.publish", "data_json": "null", "timestamp": "2021-05-17T18:12:09.529Z", "user": null, "content_changed": true, "deleted": false, "page": 11, "revision": 7}}, {"model": "wagtailcore.pagelogentry", "pk": 36, "fields": {"content_type": 2, "label": "Home", "action": "wagtail.create", "data_json": "\"\"", "timestamp": "2021-05-17T18:17:28.904Z", "user": null, "content_changed": true, "deleted": false, "page": 12, "revision": null}}, {"model": "wagtailcore.pagelogentry", "pk": 37, "fields": {"content_type": 2, "label": "Home", "action": "wagtail.create_alias", "data_json": "{\"page\": {\"id\": 12, \"title\": \"Home\"}, \"source\": {\"id\": 1, \"title\": \"Root\"}, \"destination\": {\"id\": 1, \"title\": \"Root\"}}", "timestamp": "2021-05-17T18:17:28.906Z", "user": null, "content_changed": false, "deleted": false, "page": 12, "revision": null}}, {"model": "wagtailcore.pagelogentry", "pk": 38, "fields": {"content_type": 2, "label": "Home", "action": "wagtail.publish", "data_json": "\"\"", "timestamp": "2021-05-17T18:17:28.908Z", "user": null, "content_changed": false, "deleted": false, "page": 12, "revision": null}}, {"model": "wagtailcore.pagelogentry", "pk": 39, "fields": {"content_type": 57, "label": "Blog", "action": "wagtail.create", "data_json": "\"\"", "timestamp": "2021-05-17T18:17:28.928Z", "user": 2, "content_changed": true, "deleted": false, "page": 13, "revision": null}}, {"model": "wagtailcore.pagelogentry", "pk": 40, "fields": {"content_type": 57, "label": "Blog", "action": "wagtail.create_alias", "data_json": "{\"page\": {\"id\": 13, \"title\": \"Blog\"}, \"source\": {\"id\": 3, \"title\": \"Home\"}, \"destination\": {\"id\": 12, \"title\": \"Home\"}}", "timestamp": "2021-05-17T18:17:28.931Z", "user": null, "content_changed": false, "deleted": false, "page": 13, "revision": null}}, {"model": "wagtailcore.pagelogentry", "pk": 41, "fields": {"content_type": 57, "label": "Blog", "action": "wagtail.publish", "data_json": "\"\"", "timestamp": "2021-05-17T18:17:28.933Z", "user": null, "content_changed": false, "deleted": false, "page": 13, "revision": null}}, {"model": "wagtailcore.pagelogentry", "pk": 42, "fields": {"content_type": 56, "label": "blog post 01", "action": "wagtail.create", "data_json": "\"\"", "timestamp": "2021-05-17T18:17:28.952Z", "user": 2, "content_changed": true, "deleted": false, "page": 14, "revision": null}}, {"model": "wagtailcore.pagelogentry", "pk": 43, "fields": {"content_type": 56, "label": "blog post 01", "action": "wagtail.create_alias", "data_json": "{\"page\": {\"id\": 14, \"title\": \"blog post 01\"}, \"source\": {\"id\": 6, \"title\": \"Blog\"}, \"destination\": {\"id\": 13, \"title\": \"Blog\"}}", "timestamp": "2021-05-17T18:17:28.954Z", "user": null, "content_changed": false, "deleted": false, "page": 14, "revision": null}}, {"model": "wagtailcore.pagelogentry", "pk": 44, "fields": {"content_type": 56, "label": "blog post 01", "action": "wagtail.publish", "data_json": "\"\"", "timestamp": "2021-05-17T18:17:28.956Z", "user": null, "content_changed": false, "deleted": false, "page": 14, "revision": null}}, {"model": "wagtailcore.pagelogentry", "pk": 45, "fields": {"content_type": 56, "label": "blog post 01", "action": "wagtail.delete", "data_json": "\"\"", "timestamp": "2021-05-17T18:29:14.371Z", "user": 2, "content_changed": false, "deleted": true, "page": 9, "revision": null}}, {"model": "wagtailcore.pagelogentry", "pk": 46, "fields": {"content_type": 1, "label": "blog post 01", "action": "wagtail.unpublish", "data_json": "\"\"", "timestamp": "2021-05-17T18:29:14.423Z", "user": null, "content_changed": false, "deleted": false, "page": 10, "revision": null}}, {"model": "wagtailcore.pagelogentry", "pk": 47, "fields": {"content_type": 1, "label": "blog post 01", "action": "wagtail.unpublish", "data_json": "\"\"", "timestamp": "2021-05-17T18:29:14.432Z", "user": null, "content_changed": false, "deleted": false, "page": 14, "revision": null}}, {"model": "wagtailcore.pagelogentry", "pk": 48, "fields": {"content_type": 57, "label": "Blog", "action": "wagtail.delete", "data_json": "\"\"", "timestamp": "2021-05-17T18:29:56.041Z", "user": 2, "content_changed": false, "deleted": true, "page": 6, "revision": null}}, {"model": "wagtailcore.pagelogentry", "pk": 49, "fields": {"content_type": 2, "label": "Home", "action": "wagtail.delete", "data_json": "\"\"", "timestamp": "2021-05-17T18:29:56.045Z", "user": 2, "content_changed": false, "deleted": true, "page": 3, "revision": null}}, {"model": "wagtailcore.pagelogentry", "pk": 50, "fields": {"content_type": 1, "label": "Home", "action": "wagtail.unpublish", "data_json": "\"\"", "timestamp": "2021-05-17T18:29:56.091Z", "user": null, "content_changed": false, "deleted": false, "page": 4, "revision": null}}, {"model": "wagtailcore.pagelogentry", "pk": 51, "fields": {"content_type": 1, "label": "Home", "action": "wagtail.unpublish", "data_json": "\"\"", "timestamp": "2021-05-17T18:29:56.098Z", "user": null, "content_changed": false, "deleted": false, "page": 12, "revision": null}}, {"model": "wagtailcore.pagelogentry", "pk": 52, "fields": {"content_type": 1, "label": "Blog", "action": "wagtail.unpublish", "data_json": "\"\"", "timestamp": "2021-05-17T18:29:56.110Z", "user": null, "content_changed": false, "deleted": false, "page": 7, "revision": null}}, {"model": "wagtailcore.pagelogentry", "pk": 53, "fields": {"content_type": 1, "label": "Blog", "action": "wagtail.unpublish", "data_json": "\"\"", "timestamp": "2021-05-17T18:29:56.117Z", "user": null, "content_changed": false, "deleted": false, "page": 8, "revision": null}}, {"model": "wagtailcore.pagelogentry", "pk": 54, "fields": {"content_type": 1, "label": "Blog", "action": "wagtail.unpublish", "data_json": "\"\"", "timestamp": "2021-05-17T18:29:56.125Z", "user": null, "content_changed": false, "deleted": false, "page": 13, "revision": null}}, {"model": "wagtailcore.pagelogentry", "pk": 55, "fields": {"content_type": 57, "label": "Blog", "action": "wagtail.delete", "data_json": "\"\"", "timestamp": "2021-05-17T18:30:01.478Z", "user": 2, "content_changed": false, "deleted": true, "page": 7, "revision": null}}, {"model": "wagtailcore.pagelogentry", "pk": 56, "fields": {"content_type": 2, "label": "Home", "action": "wagtail.delete", "data_json": "\"\"", "timestamp": "2021-05-17T18:30:01.482Z", "user": 2, "content_changed": false, "deleted": true, "page": 4, "revision": null}}, {"model": "wagtailcore.pagelogentry", "pk": 57, "fields": {"content_type": 57, "label": "Blog", "action": "wagtail.delete", "data_json": "\"\"", "timestamp": "2021-05-17T18:30:08.601Z", "user": 2, "content_changed": false, "deleted": true, "page": 13, "revision": null}}, {"model": "wagtailcore.pagelogentry", "pk": 58, "fields": {"content_type": 2, "label": "Home", "action": "wagtail.delete", "data_json": "\"\"", "timestamp": "2021-05-17T18:30:08.605Z", "user": 2, "content_changed": false, "deleted": true, "page": 12, "revision": null}}, {"model": "wagtailcore.pagelogentry", "pk": 59, "fields": {"content_type": 2, "label": "Home", "action": "wagtail.create", "data_json": "\"\"", "timestamp": "2021-05-17T18:31:21.718Z", "user": 2, "content_changed": true, "deleted": false, "page": 15, "revision": null}}, {"model": "wagtailcore.pagelogentry", "pk": 60, "fields": {"content_type": 2, "label": "Home", "action": "wagtail.publish", "data_json": "null", "timestamp": "2021-05-17T18:31:21.781Z", "user": 2, "content_changed": true, "deleted": false, "page": 15, "revision": 8}}, {"model": "wagtailcore.pagelogentry", "pk": 61, "fields": {"content_type": 2, "label": "Home", "action": "wagtail.delete", "data_json": "\"\"", "timestamp": "2021-05-17T18:31:42.722Z", "user": 2, "content_changed": false, "deleted": true, "page": 15, "revision": null}}, {"model": "wagtailcore.pagelogentry", "pk": 62, "fields": {"content_type": 57, "label": "Blog", "action": "wagtail.delete", "data_json": "\"\"", "timestamp": "2021-05-17T18:31:49.226Z", "user": 2, "content_changed": false, "deleted": true, "page": 8, "revision": null}}, {"model": "wagtailcore.pagelogentry", "pk": 63, "fields": {"content_type": 2, "label": "Home", "action": "wagtail.delete", "data_json": "\"\"", "timestamp": "2021-05-17T18:31:49.231Z", "user": 2, "content_changed": false, "deleted": true, "page": 5, "revision": null}}, {"model": "wagtailcore.pagelogentry", "pk": 64, "fields": {"content_type": 2, "label": "home", "action": "wagtail.create", "data_json": "\"\"", "timestamp": "2021-05-17T18:32:20.475Z", "user": 2, "content_changed": true, "deleted": false, "page": 16, "revision": null}}, {"model": "wagtailcore.pagelogentry", "pk": 65, "fields": {"content_type": 2, "label": "home", "action": "wagtail.publish", "data_json": "null", "timestamp": "2021-05-17T18:32:20.538Z", "user": 2, "content_changed": true, "deleted": false, "page": 16, "revision": 9}}, {"model": "wagtailcore.pagelogentry", "pk": 66, "fields": {"content_type": 2, "label": "home", "action": "wagtail.create", "data_json": "\"\"", "timestamp": "2021-05-17T18:32:36.244Z", "user": 2, "content_changed": true, "deleted": false, "page": 18, "revision": null}}, {"model": "wagtailcore.pagelogentry", "pk": 67, "fields": {"content_type": 2, "label": "home", "action": "wagtail.create_alias", "data_json": "{\"page\": {\"id\": 18, \"title\": \"home\"}, \"source\": {\"id\": 1, \"title\": \"Root\"}, \"destination\": {\"id\": 1, \"title\": \"Root\"}}", "timestamp": "2021-05-17T18:32:36.246Z", "user": null, "content_changed": false, "deleted": false, "page": 18, "revision": null}}, {"model": "wagtailcore.pagelogentry", "pk": 68, "fields": {"content_type": 2, "label": "home", "action": "wagtail.publish", "data_json": "\"\"", "timestamp": "2021-05-17T18:32:36.248Z", "user": null, "content_changed": false, "deleted": false, "page": 18, "revision": null}}, {"model": "wagtailcore.pagelogentry", "pk": 69, "fields": {"content_type": 2, "label": "home", "action": "wagtail.create", "data_json": "\"\"", "timestamp": "2021-05-17T18:32:36.259Z", "user": 2, "content_changed": true, "deleted": false, "page": 19, "revision": null}}, {"model": "wagtailcore.pagelogentry", "pk": 70, "fields": {"content_type": 2, "label": "home", "action": "wagtail.create_alias", "data_json": "{\"page\": {\"id\": 19, \"title\": \"home\"}, \"source\": {\"id\": 16, \"title\": \"home\"}, \"destination\": {\"id\": 18, \"title\": \"home\"}}", "timestamp": "2021-05-17T18:32:36.261Z", "user": null, "content_changed": false, "deleted": false, "page": 19, "revision": null}}, {"model": "wagtailcore.pagelogentry", "pk": 71, "fields": {"content_type": 2, "label": "home", "action": "wagtail.publish", "data_json": "\"\"", "timestamp": "2021-05-17T18:32:36.263Z", "user": null, "content_changed": false, "deleted": false, "page": 19, "revision": null}}, {"model": "wagtailcore.pagelogentry", "pk": 72, "fields": {"content_type": 2, "label": "home", "action": "wagtail.create", "data_json": "\"\"", "timestamp": "2021-05-17T18:32:36.277Z", "user": 2, "content_changed": true, "deleted": false, "page": 20, "revision": null}}, {"model": "wagtailcore.pagelogentry", "pk": 73, "fields": {"content_type": 2, "label": "home", "action": "wagtail.create_alias", "data_json": "{\"page\": {\"id\": 20, \"title\": \"home\"}, \"source\": {\"id\": 1, \"title\": \"Root\"}, \"destination\": {\"id\": 1, \"title\": \"Root\"}}", "timestamp": "2021-05-17T18:32:36.279Z", "user": null, "content_changed": false, "deleted": false, "page": 20, "revision": null}}, {"model": "wagtailcore.pagelogentry", "pk": 74, "fields": {"content_type": 2, "label": "home", "action": "wagtail.publish", "data_json": "\"\"", "timestamp": "2021-05-17T18:32:36.280Z", "user": null, "content_changed": false, "deleted": false, "page": 20, "revision": null}}, {"model": "wagtailcore.pagelogentry", "pk": 75, "fields": {"content_type": 2, "label": "home", "action": "wagtail.create", "data_json": "\"\"", "timestamp": "2021-05-17T18:32:36.292Z", "user": 2, "content_changed": true, "deleted": false, "page": 21, "revision": null}}, {"model": "wagtailcore.pagelogentry", "pk": 76, "fields": {"content_type": 2, "label": "home", "action": "wagtail.create_alias", "data_json": "{\"page\": {\"id\": 21, \"title\": \"home\"}, \"source\": {\"id\": 16, \"title\": \"home\"}, \"destination\": {\"id\": 20, \"title\": \"home\"}}", "timestamp": "2021-05-17T18:32:36.293Z", "user": null, "content_changed": false, "deleted": false, "page": 21, "revision": null}}, {"model": "wagtailcore.pagelogentry", "pk": 77, "fields": {"content_type": 2, "label": "home", "action": "wagtail.publish", "data_json": "\"\"", "timestamp": "2021-05-17T18:32:36.295Z", "user": null, "content_changed": false, "deleted": false, "page": 21, "revision": null}}, {"model": "wagtailcore.pagelogentry", "pk": 78, "fields": {"content_type": 2, "label": "home", "action": "wagtail.create", "data_json": "\"\"", "timestamp": "2021-05-17T18:32:36.309Z", "user": 2, "content_changed": true, "deleted": false, "page": 22, "revision": null}}, {"model": "wagtailcore.pagelogentry", "pk": 79, "fields": {"content_type": 2, "label": "home", "action": "wagtail.create_alias", "data_json": "{\"page\": {\"id\": 22, \"title\": \"home\"}, \"source\": {\"id\": 1, \"title\": \"Root\"}, \"destination\": {\"id\": 1, \"title\": \"Root\"}}", "timestamp": "2021-05-17T18:32:36.311Z", "user": null, "content_changed": false, "deleted": false, "page": 22, "revision": null}}, {"model": "wagtailcore.pagelogentry", "pk": 80, "fields": {"content_type": 2, "label": "home", "action": "wagtail.publish", "data_json": "\"\"", "timestamp": "2021-05-17T18:32:36.313Z", "user": null, "content_changed": false, "deleted": false, "page": 22, "revision": null}}, {"model": "wagtailcore.pagelogentry", "pk": 81, "fields": {"content_type": 2, "label": "home", "action": "wagtail.create", "data_json": "\"\"", "timestamp": "2021-05-17T18:32:36.324Z", "user": 2, "content_changed": true, "deleted": false, "page": 23, "revision": null}}, {"model": "wagtailcore.pagelogentry", "pk": 82, "fields": {"content_type": 2, "label": "home", "action": "wagtail.create_alias", "data_json": "{\"page\": {\"id\": 23, \"title\": \"home\"}, \"source\": {\"id\": 16, \"title\": \"home\"}, \"destination\": {\"id\": 22, \"title\": \"home\"}}", "timestamp": "2021-05-17T18:32:36.326Z", "user": null, "content_changed": false, "deleted": false, "page": 23, "revision": null}}, {"model": "wagtailcore.pagelogentry", "pk": 83, "fields": {"content_type": 2, "label": "home", "action": "wagtail.publish", "data_json": "\"\"", "timestamp": "2021-05-17T18:32:36.327Z", "user": null, "content_changed": false, "deleted": false, "page": 23, "revision": null}}, {"model": "wagtailcore.pagelogentry", "pk": 84, "fields": {"content_type": 2, "label": "home", "action": "wagtail.create", "data_json": "\"\"", "timestamp": "2021-05-17T18:32:36.330Z", "user": 2, "content_changed": true, "deleted": false, "page": 17, "revision": null}}, {"model": "wagtailcore.pagelogentry", "pk": 85, "fields": {"content_type": 2, "label": "home", "action": "wagtail.publish", "data_json": "\"\"", "timestamp": "2021-05-17T18:32:36.409Z", "user": 2, "content_changed": false, "deleted": false, "page": 19, "revision": null}}, {"model": "wagtailcore.pagelogentry", "pk": 86, "fields": {"content_type": 2, "label": "home", "action": "wagtail.publish", "data_json": "\"\"", "timestamp": "2021-05-17T18:32:36.432Z", "user": 2, "content_changed": false, "deleted": false, "page": 21, "revision": null}}, {"model": "wagtailcore.pagelogentry", "pk": 87, "fields": {"content_type": 2, "label": "home", "action": "wagtail.publish", "data_json": "\"\"", "timestamp": "2021-05-17T18:32:36.455Z", "user": 2, "content_changed": false, "deleted": false, "page": 23, "revision": null}}, {"model": "wagtailcore.pagelogentry", "pk": 88, "fields": {"content_type": 2, "label": "home", "action": "wagtail.publish", "data_json": "null", "timestamp": "2021-05-17T18:32:36.461Z", "user": 2, "content_changed": true, "deleted": false, "page": 17, "revision": 10}}, {"model": "wagtailcore.pagelogentry", "pk": 89, "fields": {"content_type": 2, "label": "home", "action": "wagtail.delete", "data_json": "\"\"", "timestamp": "2021-05-17T18:32:49.201Z", "user": 2, "content_changed": false, "deleted": true, "page": 17, "revision": null}}, {"model": "wagtailcore.pagelogentry", "pk": 90, "fields": {"content_type": 1, "label": "home", "action": "wagtail.unpublish", "data_json": "\"\"", "timestamp": "2021-05-17T18:32:49.246Z", "user": null, "content_changed": false, "deleted": false, "page": 19, "revision": null}}, {"model": "wagtailcore.pagelogentry", "pk": 91, "fields": {"content_type": 1, "label": "home", "action": "wagtail.unpublish", "data_json": "\"\"", "timestamp": "2021-05-17T18:32:49.253Z", "user": null, "content_changed": false, "deleted": false, "page": 21, "revision": null}}, {"model": "wagtailcore.pagelogentry", "pk": 92, "fields": {"content_type": 1, "label": "home", "action": "wagtail.unpublish", "data_json": "\"\"", "timestamp": "2021-05-17T18:32:49.259Z", "user": null, "content_changed": false, "deleted": false, "page": 23, "revision": null}}, {"model": "wagtailcore.pagelogentry", "pk": 93, "fields": {"content_type": 2, "label": "home", "action": "wagtail.delete", "data_json": "\"\"", "timestamp": "2021-05-17T18:33:18.079Z", "user": 2, "content_changed": false, "deleted": true, "page": 16, "revision": null}}, {"model": "wagtailcore.pagelogentry", "pk": 94, "fields": {"content_type": 1, "label": "home", "action": "wagtail.unpublish", "data_json": "\"\"", "timestamp": "2021-05-17T18:33:18.124Z", "user": null, "content_changed": false, "deleted": false, "page": 18, "revision": null}}, {"model": "wagtailcore.pagelogentry", "pk": 95, "fields": {"content_type": 1, "label": "home", "action": "wagtail.unpublish", "data_json": "\"\"", "timestamp": "2021-05-17T18:33:18.132Z", "user": null, "content_changed": false, "deleted": false, "page": 20, "revision": null}}, {"model": "wagtailcore.pagelogentry", "pk": 96, "fields": {"content_type": 1, "label": "home", "action": "wagtail.unpublish", "data_json": "\"\"", "timestamp": "2021-05-17T18:33:18.140Z", "user": null, "content_changed": false, "deleted": false, "page": 22, "revision": null}}, {"model": "wagtailcore.pagelogentry", "pk": 97, "fields": {"content_type": 2, "label": "home", "action": "wagtail.delete", "data_json": "\"\"", "timestamp": "2021-05-17T18:33:56.344Z", "user": 2, "content_changed": false, "deleted": true, "page": 19, "revision": null}}, {"model": "wagtailcore.pagelogentry", "pk": 98, "fields": {"content_type": 2, "label": "home", "action": "wagtail.delete", "data_json": "\"\"", "timestamp": "2021-05-17T18:33:56.349Z", "user": 2, "content_changed": false, "deleted": true, "page": 18, "revision": null}}, {"model": "wagtailcore.pagelogentry", "pk": 99, "fields": {"content_type": 2, "label": "home", "action": "wagtail.delete", "data_json": "\"\"", "timestamp": "2021-05-17T18:34:01.001Z", "user": 2, "content_changed": false, "deleted": true, "page": 21, "revision": null}}, {"model": "wagtailcore.pagelogentry", "pk": 100, "fields": {"content_type": 2, "label": "home", "action": "wagtail.delete", "data_json": "\"\"", "timestamp": "2021-05-17T18:34:01.009Z", "user": 2, "content_changed": false, "deleted": true, "page": 20, "revision": null}}, {"model": "wagtailcore.pagelogentry", "pk": 101, "fields": {"content_type": 2, "label": "home", "action": "wagtail.delete", "data_json": "\"\"", "timestamp": "2021-05-17T18:34:05.917Z", "user": 2, "content_changed": false, "deleted": true, "page": 23, "revision": null}}, {"model": "wagtailcore.pagelogentry", "pk": 102, "fields": {"content_type": 2, "label": "home", "action": "wagtail.delete", "data_json": "\"\"", "timestamp": "2021-05-17T18:34:05.921Z", "user": 2, "content_changed": false, "deleted": true, "page": 22, "revision": null}}, {"model": "wagtailcore.pagelogentry", "pk": 103, "fields": {"content_type": 2, "label": "HOME", "action": "wagtail.create", "data_json": "\"\"", "timestamp": "2021-05-17T18:34:22.249Z", "user": 2, "content_changed": true, "deleted": false, "page": 24, "revision": null}}, {"model": "wagtailcore.pagelogentry", "pk": 104, "fields": {"content_type": 2, "label": "HOME", "action": "wagtail.publish", "data_json": "null", "timestamp": "2021-05-17T18:34:22.317Z", "user": 2, "content_changed": true, "deleted": false, "page": 24, "revision": 11}}, {"model": "wagtailcore.pagelogentry", "pk": 105, "fields": {"content_type": 2, "label": "HOME", "action": "wagtail.delete", "data_json": "\"\"", "timestamp": "2021-05-17T18:36:28.517Z", "user": 2, "content_changed": false, "deleted": true, "page": 24, "revision": null}}, {"model": "wagtailcore.pagelogentry", "pk": 106, "fields": {"content_type": 2, "label": "home", "action": "wagtail.create", "data_json": "\"\"", "timestamp": "2021-05-17T18:38:44.504Z", "user": 2, "content_changed": true, "deleted": false, "page": 25, "revision": null}}, {"model": "wagtailcore.pagelogentry", "pk": 107, "fields": {"content_type": 2, "label": "home", "action": "wagtail.publish", "data_json": "null", "timestamp": "2021-05-17T18:38:44.569Z", "user": 2, "content_changed": true, "deleted": false, "page": 25, "revision": 12}}, {"model": "wagtailcore.pagelogentry", "pk": 108, "fields": {"content_type": 2, "label": "home", "action": "wagtail.edit", "data_json": "\"\"", "timestamp": "2021-05-17T18:48:49.668Z", "user": 2, "content_changed": true, "deleted": false, "page": 25, "revision": 13}}, {"model": "wagtailcore.pagelogentry", "pk": 109, "fields": {"content_type": 2, "label": "home", "action": "wagtail.publish", "data_json": "null", "timestamp": "2021-05-17T18:48:49.714Z", "user": 2, "content_changed": true, "deleted": false, "page": 25, "revision": 13}}, {"model": "wagtailcore.pagelogentry", "pk": 110, "fields": {"content_type": 2, "label": "blog", "action": "wagtail.create", "data_json": "\"\"", "timestamp": "2021-05-17T18:52:37.957Z", "user": 2, "content_changed": true, "deleted": false, "page": 26, "revision": null}}, {"model": "wagtailcore.pagelogentry", "pk": 111, "fields": {"content_type": 2, "label": "blog", "action": "wagtail.publish", "data_json": "null", "timestamp": "2021-05-17T18:52:38.048Z", "user": 2, "content_changed": true, "deleted": false, "page": 26, "revision": 14}}, {"model": "wagtailcore.pagelogentry", "pk": 112, "fields": {"content_type": 2, "label": "blog", "action": "wagtail.delete", "data_json": "\"\"", "timestamp": "2021-05-17T18:57:23.863Z", "user": 2, "content_changed": false, "deleted": true, "page": 26, "revision": null}}, {"model": "wagtailcore.pagelogentry", "pk": 113, "fields": {"content_type": 2, "label": "HOME", "action": "wagtail.edit", "data_json": "\"\"", "timestamp": "2021-05-17T18:57:43.899Z", "user": 2, "content_changed": true, "deleted": false, "page": 25, "revision": 15}}, {"model": "wagtailcore.pagelogentry", "pk": 114, "fields": {"content_type": 2, "label": "HOME", "action": "wagtail.rename", "data_json": "{\"title\": {\"old\": \"home\", \"new\": \"HOME\"}}", "timestamp": "2021-05-17T18:57:43.946Z", "user": 2, "content_changed": false, "deleted": false, "page": 25, "revision": 15}}, {"model": "wagtailcore.pagelogentry", "pk": 115, "fields": {"content_type": 2, "label": "HOME", "action": "wagtail.publish", "data_json": "{\"title\": {\"old\": \"home\", \"new\": \"HOME\"}}", "timestamp": "2021-05-17T18:57:43.951Z", "user": 2, "content_changed": true, "deleted": false, "page": 25, "revision": 15}}, {"model": "wagtailcore.pagelogentry", "pk": 116, "fields": {"content_type": 2, "label": "HOME", "action": "wagtail.create", "data_json": "\"\"", "timestamp": "2021-05-17T19:00:36.441Z", "user": 2, "content_changed": true, "deleted": false, "page": 27, "revision": null}}, {"model": "wagtailcore.pagelogentry", "pk": 117, "fields": {"content_type": 2, "label": "HOME", "action": "wagtail.copy", "data_json": "{\"page\": {\"id\": 27, \"title\": \"HOME\"}, \"source\": {\"id\": 1, \"title\": \"Root\"}, \"destination\": {\"id\": 1, \"title\": \"Root\"}, \"keep_live\": false}", "timestamp": "2021-05-17T19:00:36.453Z", "user": null, "content_changed": false, "deleted": false, "page": 27, "revision": null}}, {"model": "wagtailcore.pagelogentry", "pk": 118, "fields": {"content_type": 2, "label": "HOME", "action": "wagtail.publish", "data_json": "null", "timestamp": "2021-05-17T19:00:36.506Z", "user": null, "content_changed": true, "deleted": false, "page": 27, "revision": 17}}, {"model": "wagtailcore.pagelogentry", "pk": 119, "fields": {"content_type": 2, "label": "xxxx", "action": "wagtail.create", "data_json": "\"\"", "timestamp": "2021-05-17T19:03:47.792Z", "user": 2, "content_changed": true, "deleted": false, "page": 28, "revision": null}}, {"model": "wagtailcore.pagelogentry", "pk": 120, "fields": {"content_type": 2, "label": "xxxx", "action": "wagtail.publish", "data_json": "null", "timestamp": "2021-05-17T19:03:47.854Z", "user": 2, "content_changed": true, "deleted": false, "page": 28, "revision": 18}}, {"model": "wagtailcore.pagelogentry", "pk": 121, "fields": {"content_type": 2, "label": "xxxx", "action": "wagtail.delete", "data_json": "\"\"", "timestamp": "2021-05-17T19:04:02.057Z", "user": 2, "content_changed": false, "deleted": true, "page": 28, "revision": null}}, {"model": "wagtailcore.pagesubscription", "pk": 7, "fields": {"user": 2, "page": 25, "comment_notifications": true}}, {"model": "auth.permission", "pk": 1, "fields": {"name": "Can access Wagtail admin", "content_type": 3, "codename": "access_admin"}}, {"model": "auth.permission", "pk": 2, "fields": {"name": "Can add document", "content_type": 5, "codename": "add_document"}}, {"model": "auth.permission", "pk": 3, "fields": {"name": "Can change document", "content_type": 5, "codename": "change_document"}}, {"model": "auth.permission", "pk": 4, "fields": {"name": "Can delete document", "content_type": 5, "codename": "delete_document"}}, {"model": "auth.permission", "pk": 5, "fields": {"name": "Can add image", "content_type": 6, "codename": "add_image"}}, {"model": "auth.permission", "pk": 6, "fields": {"name": "Can change image", "content_type": 6, "codename": "change_image"}}, {"model": "auth.permission", "pk": 7, "fields": {"name": "Can delete image", "content_type": 6, "codename": "delete_image"}}, {"model": "auth.permission", "pk": 8, "fields": {"name": "Can add home page", "content_type": 2, "codename": "add_homepage"}}, {"model": "auth.permission", "pk": 9, "fields": {"name": "Can change home page", "content_type": 2, "codename": "change_homepage"}}, {"model": "auth.permission", "pk": 10, "fields": {"name": "Can delete home page", "content_type": 2, "codename": "delete_homepage"}}, {"model": "auth.permission", "pk": 11, "fields": {"name": "Can view home page", "content_type": 2, "codename": "view_homepage"}}, {"model": "auth.permission", "pk": 12, "fields": {"name": "Can add form submission", "content_type": 7, "codename": "add_formsubmission"}}, {"model": "auth.permission", "pk": 13, "fields": {"name": "Can change form submission", "content_type": 7, "codename": "change_formsubmission"}}, {"model": "auth.permission", "pk": 14, "fields": {"name": "Can delete form submission", "content_type": 7, "codename": "delete_formsubmission"}}, {"model": "auth.permission", "pk": 15, "fields": {"name": "Can view form submission", "content_type": 7, "codename": "view_formsubmission"}}, {"model": "auth.permission", "pk": 16, "fields": {"name": "Can add redirect", "content_type": 8, "codename": "add_redirect"}}, {"model": "auth.permission", "pk": 17, "fields": {"name": "Can change redirect", "content_type": 8, "codename": "change_redirect"}}, {"model": "auth.permission", "pk": 18, "fields": {"name": "Can delete redirect", "content_type": 8, "codename": "delete_redirect"}}, {"model": "auth.permission", "pk": 19, "fields": {"name": "Can view redirect", "content_type": 8, "codename": "view_redirect"}}, {"model": "auth.permission", "pk": 20, "fields": {"name": "Can add embed", "content_type": 9, "codename": "add_embed"}}, {"model": "auth.permission", "pk": 21, "fields": {"name": "Can change embed", "content_type": 9, "codename": "change_embed"}}, {"model": "auth.permission", "pk": 22, "fields": {"name": "Can delete embed", "content_type": 9, "codename": "delete_embed"}}, {"model": "auth.permission", "pk": 23, "fields": {"name": "Can view embed", "content_type": 9, "codename": "view_embed"}}, {"model": "auth.permission", "pk": 24, "fields": {"name": "Can add user profile", "content_type": 10, "codename": "add_userprofile"}}, {"model": "auth.permission", "pk": 25, "fields": {"name": "Can change user profile", "content_type": 10, "codename": "change_userprofile"}}, {"model": "auth.permission", "pk": 26, "fields": {"name": "Can delete user profile", "content_type": 10, "codename": "delete_userprofile"}}, {"model": "auth.permission", "pk": 27, "fields": {"name": "Can view user profile", "content_type": 10, "codename": "view_userprofile"}}, {"model": "auth.permission", "pk": 28, "fields": {"name": "Can view document", "content_type": 5, "codename": "view_document"}}, {"model": "auth.permission", "pk": 29, "fields": {"name": "Can view image", "content_type": 6, "codename": "view_image"}}, {"model": "auth.permission", "pk": 30, "fields": {"name": "Can add rendition", "content_type": 11, "codename": "add_rendition"}}, {"model": "auth.permission", "pk": 31, "fields": {"name": "Can change rendition", "content_type": 11, "codename": "change_rendition"}}, {"model": "auth.permission", "pk": 32, "fields": {"name": "Can delete rendition", "content_type": 11, "codename": "delete_rendition"}}, {"model": "auth.permission", "pk": 33, "fields": {"name": "Can view rendition", "content_type": 11, "codename": "view_rendition"}}, {"model": "auth.permission", "pk": 34, "fields": {"name": "Can add uploaded image", "content_type": 12, "codename": "add_uploadedimage"}}, {"model": "auth.permission", "pk": 35, "fields": {"name": "Can change uploaded image", "content_type": 12, "codename": "change_uploadedimage"}}, {"model": "auth.permission", "pk": 36, "fields": {"name": "Can delete uploaded image", "content_type": 12, "codename": "delete_uploadedimage"}}, {"model": "auth.permission", "pk": 37, "fields": {"name": "Can view uploaded image", "content_type": 12, "codename": "view_uploadedimage"}}, {"model": "auth.permission", "pk": 38, "fields": {"name": "Can add query", "content_type": 13, "codename": "add_query"}}, {"model": "auth.permission", "pk": 39, "fields": {"name": "Can change query", "content_type": 13, "codename": "change_query"}}, {"model": "auth.permission", "pk": 40, "fields": {"name": "Can delete query", "content_type": 13, "codename": "delete_query"}}, {"model": "auth.permission", "pk": 41, "fields": {"name": "Can view query", "content_type": 13, "codename": "view_query"}}, {"model": "auth.permission", "pk": 42, "fields": {"name": "Can add Query Daily Hits", "content_type": 14, "codename": "add_querydailyhits"}}, {"model": "auth.permission", "pk": 43, "fields": {"name": "Can change Query Daily Hits", "content_type": 14, "codename": "change_querydailyhits"}}, {"model": "auth.permission", "pk": 44, "fields": {"name": "Can delete Query Daily Hits", "content_type": 14, "codename": "delete_querydailyhits"}}, {"model": "auth.permission", "pk": 45, "fields": {"name": "Can view Query Daily Hits", "content_type": 14, "codename": "view_querydailyhits"}}, {"model": "auth.permission", "pk": 46, "fields": {"name": "Can add page", "content_type": 1, "codename": "add_page"}}, {"model": "auth.permission", "pk": 47, "fields": {"name": "Can change page", "content_type": 1, "codename": "change_page"}}, {"model": "auth.permission", "pk": 48, "fields": {"name": "Can delete page", "content_type": 1, "codename": "delete_page"}}, {"model": "auth.permission", "pk": 49, "fields": {"name": "Can view page", "content_type": 1, "codename": "view_page"}}, {"model": "auth.permission", "pk": 50, "fields": {"name": "Can add group page permission", "content_type": 15, "codename": "add_grouppagepermission"}}, {"model": "auth.permission", "pk": 51, "fields": {"name": "Can change group page permission", "content_type": 15, "codename": "change_grouppagepermission"}}, {"model": "auth.permission", "pk": 52, "fields": {"name": "Can delete group page permission", "content_type": 15, "codename": "delete_grouppagepermission"}}, {"model": "auth.permission", "pk": 53, "fields": {"name": "Can view group page permission", "content_type": 15, "codename": "view_grouppagepermission"}}, {"model": "auth.permission", "pk": 54, "fields": {"name": "Can add page revision", "content_type": 16, "codename": "add_pagerevision"}}, {"model": "auth.permission", "pk": 55, "fields": {"name": "Can change page revision", "content_type": 16, "codename": "change_pagerevision"}}, {"model": "auth.permission", "pk": 56, "fields": {"name": "Can delete page revision", "content_type": 16, "codename": "delete_pagerevision"}}, {"model": "auth.permission", "pk": 57, "fields": {"name": "Can view page revision", "content_type": 16, "codename": "view_pagerevision"}}, {"model": "auth.permission", "pk": 58, "fields": {"name": "Can add page view restriction", "content_type": 17, "codename": "add_pageviewrestriction"}}, {"model": "auth.permission", "pk": 59, "fields": {"name": "Can change page view restriction", "content_type": 17, "codename": "change_pageviewrestriction"}}, {"model": "auth.permission", "pk": 60, "fields": {"name": "Can delete page view restriction", "content_type": 17, "codename": "delete_pageviewrestriction"}}, {"model": "auth.permission", "pk": 61, "fields": {"name": "Can view page view restriction", "content_type": 17, "codename": "view_pageviewrestriction"}}, {"model": "auth.permission", "pk": 62, "fields": {"name": "Can add site", "content_type": 18, "codename": "add_site"}}, {"model": "auth.permission", "pk": 63, "fields": {"name": "Can change site", "content_type": 18, "codename": "change_site"}}, {"model": "auth.permission", "pk": 64, "fields": {"name": "Can delete site", "content_type": 18, "codename": "delete_site"}}, {"model": "auth.permission", "pk": 65, "fields": {"name": "Can view site", "content_type": 18, "codename": "view_site"}}, {"model": "auth.permission", "pk": 66, "fields": {"name": "Can add collection", "content_type": 19, "codename": "add_collection"}}, {"model": "auth.permission", "pk": 67, "fields": {"name": "Can change collection", "content_type": 19, "codename": "change_collection"}}, {"model": "auth.permission", "pk": 68, "fields": {"name": "Can delete collection", "content_type": 19, "codename": "delete_collection"}}, {"model": "auth.permission", "pk": 69, "fields": {"name": "Can view collection", "content_type": 19, "codename": "view_collection"}}, {"model": "auth.permission", "pk": 70, "fields": {"name": "Can add group collection permission", "content_type": 20, "codename": "add_groupcollectionpermission"}}, {"model": "auth.permission", "pk": 71, "fields": {"name": "Can change group collection permission", "content_type": 20, "codename": "change_groupcollectionpermission"}}, {"model": "auth.permission", "pk": 72, "fields": {"name": "Can delete group collection permission", "content_type": 20, "codename": "delete_groupcollectionpermission"}}, {"model": "auth.permission", "pk": 73, "fields": {"name": "Can view group collection permission", "content_type": 20, "codename": "view_groupcollectionpermission"}}, {"model": "auth.permission", "pk": 74, "fields": {"name": "Can add collection view restriction", "content_type": 21, "codename": "add_collectionviewrestriction"}}, {"model": "auth.permission", "pk": 75, "fields": {"name": "Can change collection view restriction", "content_type": 21, "codename": "change_collectionviewrestriction"}}, {"model": "auth.permission", "pk": 76, "fields": {"name": "Can delete collection view restriction", "content_type": 21, "codename": "delete_collectionviewrestriction"}}, {"model": "auth.permission", "pk": 77, "fields": {"name": "Can view collection view restriction", "content_type": 21, "codename": "view_collectionviewrestriction"}}, {"model": "auth.permission", "pk": 78, "fields": {"name": "Can add task", "content_type": 22, "codename": "add_task"}}, {"model": "auth.permission", "pk": 79, "fields": {"name": "Can change task", "content_type": 22, "codename": "change_task"}}, {"model": "auth.permission", "pk": 80, "fields": {"name": "Can delete task", "content_type": 22, "codename": "delete_task"}}, {"model": "auth.permission", "pk": 81, "fields": {"name": "Can view task", "content_type": 22, "codename": "view_task"}}, {"model": "auth.permission", "pk": 82, "fields": {"name": "Can add Task state", "content_type": 23, "codename": "add_taskstate"}}, {"model": "auth.permission", "pk": 83, "fields": {"name": "Can change Task state", "content_type": 23, "codename": "change_taskstate"}}, {"model": "auth.permission", "pk": 84, "fields": {"name": "Can delete Task state", "content_type": 23, "codename": "delete_taskstate"}}, {"model": "auth.permission", "pk": 85, "fields": {"name": "Can view Task state", "content_type": 23, "codename": "view_taskstate"}}, {"model": "auth.permission", "pk": 86, "fields": {"name": "Can add workflow", "content_type": 24, "codename": "add_workflow"}}, {"model": "auth.permission", "pk": 87, "fields": {"name": "Can change workflow", "content_type": 24, "codename": "change_workflow"}}, {"model": "auth.permission", "pk": 88, "fields": {"name": "Can delete workflow", "content_type": 24, "codename": "delete_workflow"}}, {"model": "auth.permission", "pk": 89, "fields": {"name": "Can view workflow", "content_type": 24, "codename": "view_workflow"}}, {"model": "auth.permission", "pk": 90, "fields": {"name": "Can add Group approval task", "content_type": 4, "codename": "add_groupapprovaltask"}}, {"model": "auth.permission", "pk": 91, "fields": {"name": "Can change Group approval task", "content_type": 4, "codename": "change_groupapprovaltask"}}, {"model": "auth.permission", "pk": 92, "fields": {"name": "Can delete Group approval task", "content_type": 4, "codename": "delete_groupapprovaltask"}}, {"model": "auth.permission", "pk": 93, "fields": {"name": "Can view Group approval task", "content_type": 4, "codename": "view_groupapprovaltask"}}, {"model": "auth.permission", "pk": 94, "fields": {"name": "Can add Workflow state", "content_type": 25, "codename": "add_workflowstate"}}, {"model": "auth.permission", "pk": 95, "fields": {"name": "Can change Workflow state", "content_type": 25, "codename": "change_workflowstate"}}, {"model": "auth.permission", "pk": 96, "fields": {"name": "Can delete Workflow state", "content_type": 25, "codename": "delete_workflowstate"}}, {"model": "auth.permission", "pk": 97, "fields": {"name": "Can view Workflow state", "content_type": 25, "codename": "view_workflowstate"}}, {"model": "auth.permission", "pk": 98, "fields": {"name": "Can add workflow page", "content_type": 26, "codename": "add_workflowpage"}}, {"model": "auth.permission", "pk": 99, "fields": {"name": "Can change workflow page", "content_type": 26, "codename": "change_workflowpage"}}, {"model": "auth.permission", "pk": 100, "fields": {"name": "Can delete workflow page", "content_type": 26, "codename": "delete_workflowpage"}}, {"model": "auth.permission", "pk": 101, "fields": {"name": "Can view workflow page", "content_type": 26, "codename": "view_workflowpage"}}, {"model": "auth.permission", "pk": 102, "fields": {"name": "Can add workflow task order", "content_type": 27, "codename": "add_workflowtask"}}, {"model": "auth.permission", "pk": 103, "fields": {"name": "Can change workflow task order", "content_type": 27, "codename": "change_workflowtask"}}, {"model": "auth.permission", "pk": 104, "fields": {"name": "Can delete workflow task order", "content_type": 27, "codename": "delete_workflowtask"}}, {"model": "auth.permission", "pk": 105, "fields": {"name": "Can view workflow task order", "content_type": 27, "codename": "view_workflowtask"}}, {"model": "auth.permission", "pk": 106, "fields": {"name": "Can add page log entry", "content_type": 28, "codename": "add_pagelogentry"}}, {"model": "auth.permission", "pk": 107, "fields": {"name": "Can change page log entry", "content_type": 28, "codename": "change_pagelogentry"}}, {"model": "auth.permission", "pk": 108, "fields": {"name": "Can delete page log entry", "content_type": 28, "codename": "delete_pagelogentry"}}, {"model": "auth.permission", "pk": 109, "fields": {"name": "Can view page log entry", "content_type": 28, "codename": "view_pagelogentry"}}, {"model": "auth.permission", "pk": 110, "fields": {"name": "Can add tag", "content_type": 29, "codename": "add_tag"}}, {"model": "auth.permission", "pk": 111, "fields": {"name": "Can change tag", "content_type": 29, "codename": "change_tag"}}, {"model": "auth.permission", "pk": 112, "fields": {"name": "Can delete tag", "content_type": 29, "codename": "delete_tag"}}, {"model": "auth.permission", "pk": 113, "fields": {"name": "Can view tag", "content_type": 29, "codename": "view_tag"}}, {"model": "auth.permission", "pk": 114, "fields": {"name": "Can add tagged item", "content_type": 30, "codename": "add_taggeditem"}}, {"model": "auth.permission", "pk": 115, "fields": {"name": "Can change tagged item", "content_type": 30, "codename": "change_taggeditem"}}, {"model": "auth.permission", "pk": 116, "fields": {"name": "Can delete tagged item", "content_type": 30, "codename": "delete_taggeditem"}}, {"model": "auth.permission", "pk": 117, "fields": {"name": "Can view tagged item", "content_type": 30, "codename": "view_taggeditem"}}, {"model": "auth.permission", "pk": 118, "fields": {"name": "Can add log entry", "content_type": 31, "codename": "add_logentry"}}, {"model": "auth.permission", "pk": 119, "fields": {"name": "Can change log entry", "content_type": 31, "codename": "change_logentry"}}, {"model": "auth.permission", "pk": 120, "fields": {"name": "Can delete log entry", "content_type": 31, "codename": "delete_logentry"}}, {"model": "auth.permission", "pk": 121, "fields": {"name": "Can view log entry", "content_type": 31, "codename": "view_logentry"}}, {"model": "auth.permission", "pk": 122, "fields": {"name": "Can add permission", "content_type": 32, "codename": "add_permission"}}, {"model": "auth.permission", "pk": 123, "fields": {"name": "Can change permission", "content_type": 32, "codename": "change_permission"}}, {"model": "auth.permission", "pk": 124, "fields": {"name": "Can delete permission", "content_type": 32, "codename": "delete_permission"}}, {"model": "auth.permission", "pk": 125, "fields": {"name": "Can view permission", "content_type": 32, "codename": "view_permission"}}, {"model": "auth.permission", "pk": 126, "fields": {"name": "Can add group", "content_type": 33, "codename": "add_group"}}, {"model": "auth.permission", "pk": 127, "fields": {"name": "Can change group", "content_type": 33, "codename": "change_group"}}, {"model": "auth.permission", "pk": 128, "fields": {"name": "Can delete group", "content_type": 33, "codename": "delete_group"}}, {"model": "auth.permission", "pk": 129, "fields": {"name": "Can view group", "content_type": 33, "codename": "view_group"}}, {"model": "auth.permission", "pk": 130, "fields": {"name": "Can add user", "content_type": 34, "codename": "add_user"}}, {"model": "auth.permission", "pk": 131, "fields": {"name": "Can change user", "content_type": 34, "codename": "change_user"}}, {"model": "auth.permission", "pk": 132, "fields": {"name": "Can delete user", "content_type": 34, "codename": "delete_user"}}, {"model": "auth.permission", "pk": 133, "fields": {"name": "Can view user", "content_type": 34, "codename": "view_user"}}, {"model": "auth.permission", "pk": 134, "fields": {"name": "Can add content type", "content_type": 35, "codename": "add_contenttype"}}, {"model": "auth.permission", "pk": 135, "fields": {"name": "Can change content type", "content_type": 35, "codename": "change_contenttype"}}, {"model": "auth.permission", "pk": 136, "fields": {"name": "Can delete content type", "content_type": 35, "codename": "delete_contenttype"}}, {"model": "auth.permission", "pk": 137, "fields": {"name": "Can view content type", "content_type": 35, "codename": "view_contenttype"}}, {"model": "auth.permission", "pk": 138, "fields": {"name": "Can add session", "content_type": 36, "codename": "add_session"}}, {"model": "auth.permission", "pk": 139, "fields": {"name": "Can change session", "content_type": 36, "codename": "change_session"}}, {"model": "auth.permission", "pk": 140, "fields": {"name": "Can delete session", "content_type": 36, "codename": "delete_session"}}, {"model": "auth.permission", "pk": 141, "fields": {"name": "Can view session", "content_type": 36, "codename": "view_session"}}, {"model": "auth.permission", "pk": 142, "fields": {"name": "Can submit translations", "content_type": 37, "codename": "submit_translation"}}, {"model": "auth.permission", "pk": 143, "fields": {"name": "Can choose document", "content_type": 5, "codename": "choose_document"}}, {"model": "auth.permission", "pk": 144, "fields": {"name": "Can choose image", "content_type": 6, "codename": "choose_image"}}, {"model": "auth.permission", "pk": 145, "fields": {"name": "Can add string", "content_type": 38, "codename": "add_string"}}, {"model": "auth.permission", "pk": 146, "fields": {"name": "Can change string", "content_type": 38, "codename": "change_string"}}, {"model": "auth.permission", "pk": 147, "fields": {"name": "Can delete string", "content_type": 38, "codename": "delete_string"}}, {"model": "auth.permission", "pk": 148, "fields": {"name": "Can view string", "content_type": 38, "codename": "view_string"}}, {"model": "auth.permission", "pk": 149, "fields": {"name": "Can add template", "content_type": 39, "codename": "add_template"}}, {"model": "auth.permission", "pk": 150, "fields": {"name": "Can change template", "content_type": 39, "codename": "change_template"}}, {"model": "auth.permission", "pk": 151, "fields": {"name": "Can delete template", "content_type": 39, "codename": "delete_template"}}, {"model": "auth.permission", "pk": 152, "fields": {"name": "Can view template", "content_type": 39, "codename": "view_template"}}, {"model": "auth.permission", "pk": 153, "fields": {"name": "Can add translatable object", "content_type": 40, "codename": "add_translatableobject"}}, {"model": "auth.permission", "pk": 154, "fields": {"name": "Can change translatable object", "content_type": 40, "codename": "change_translatableobject"}}, {"model": "auth.permission", "pk": 155, "fields": {"name": "Can delete translatable object", "content_type": 40, "codename": "delete_translatableobject"}}, {"model": "auth.permission", "pk": 156, "fields": {"name": "Can view translatable object", "content_type": 40, "codename": "view_translatableobject"}}, {"model": "auth.permission", "pk": 157, "fields": {"name": "Can add translation source", "content_type": 41, "codename": "add_translationsource"}}, {"model": "auth.permission", "pk": 158, "fields": {"name": "Can change translation source", "content_type": 41, "codename": "change_translationsource"}}, {"model": "auth.permission", "pk": 159, "fields": {"name": "Can delete translation source", "content_type": 41, "codename": "delete_translationsource"}}, {"model": "auth.permission", "pk": 160, "fields": {"name": "Can view translation source", "content_type": 41, "codename": "view_translationsource"}}, {"model": "auth.permission", "pk": 161, "fields": {"name": "Can add translation log", "content_type": 42, "codename": "add_translationlog"}}, {"model": "auth.permission", "pk": 162, "fields": {"name": "Can change translation log", "content_type": 42, "codename": "change_translationlog"}}, {"model": "auth.permission", "pk": 163, "fields": {"name": "Can delete translation log", "content_type": 42, "codename": "delete_translationlog"}}, {"model": "auth.permission", "pk": 164, "fields": {"name": "Can view translation log", "content_type": 42, "codename": "view_translationlog"}}, {"model": "auth.permission", "pk": 165, "fields": {"name": "Can add translation context", "content_type": 43, "codename": "add_translationcontext"}}, {"model": "auth.permission", "pk": 166, "fields": {"name": "Can change translation context", "content_type": 43, "codename": "change_translationcontext"}}, {"model": "auth.permission", "pk": 167, "fields": {"name": "Can delete translation context", "content_type": 43, "codename": "delete_translationcontext"}}, {"model": "auth.permission", "pk": 168, "fields": {"name": "Can view translation context", "content_type": 43, "codename": "view_translationcontext"}}, {"model": "auth.permission", "pk": 169, "fields": {"name": "Can add template segment", "content_type": 44, "codename": "add_templatesegment"}}, {"model": "auth.permission", "pk": 170, "fields": {"name": "Can change template segment", "content_type": 44, "codename": "change_templatesegment"}}, {"model": "auth.permission", "pk": 171, "fields": {"name": "Can delete template segment", "content_type": 44, "codename": "delete_templatesegment"}}, {"model": "auth.permission", "pk": 172, "fields": {"name": "Can view template segment", "content_type": 44, "codename": "view_templatesegment"}}, {"model": "auth.permission", "pk": 173, "fields": {"name": "Can add string segment", "content_type": 45, "codename": "add_stringsegment"}}, {"model": "auth.permission", "pk": 174, "fields": {"name": "Can change string segment", "content_type": 45, "codename": "change_stringsegment"}}, {"model": "auth.permission", "pk": 175, "fields": {"name": "Can delete string segment", "content_type": 45, "codename": "delete_stringsegment"}}, {"model": "auth.permission", "pk": 176, "fields": {"name": "Can view string segment", "content_type": 45, "codename": "view_stringsegment"}}, {"model": "auth.permission", "pk": 177, "fields": {"name": "Can add related object segment", "content_type": 46, "codename": "add_relatedobjectsegment"}}, {"model": "auth.permission", "pk": 178, "fields": {"name": "Can change related object segment", "content_type": 46, "codename": "change_relatedobjectsegment"}}, {"model": "auth.permission", "pk": 179, "fields": {"name": "Can delete related object segment", "content_type": 46, "codename": "delete_relatedobjectsegment"}}, {"model": "auth.permission", "pk": 180, "fields": {"name": "Can view related object segment", "content_type": 46, "codename": "view_relatedobjectsegment"}}, {"model": "auth.permission", "pk": 181, "fields": {"name": "Can add string translation", "content_type": 47, "codename": "add_stringtranslation"}}, {"model": "auth.permission", "pk": 182, "fields": {"name": "Can change string translation", "content_type": 47, "codename": "change_stringtranslation"}}, {"model": "auth.permission", "pk": 183, "fields": {"name": "Can delete string translation", "content_type": 47, "codename": "delete_stringtranslation"}}, {"model": "auth.permission", "pk": 184, "fields": {"name": "Can view string translation", "content_type": 47, "codename": "view_stringtranslation"}}, {"model": "auth.permission", "pk": 185, "fields": {"name": "Can add translation", "content_type": 37, "codename": "add_translation"}}, {"model": "auth.permission", "pk": 186, "fields": {"name": "Can change translation", "content_type": 37, "codename": "change_translation"}}, {"model": "auth.permission", "pk": 187, "fields": {"name": "Can delete translation", "content_type": 37, "codename": "delete_translation"}}, {"model": "auth.permission", "pk": 188, "fields": {"name": "Can view translation", "content_type": 37, "codename": "view_translation"}}, {"model": "auth.permission", "pk": 189, "fields": {"name": "Can add overridable segment", "content_type": 48, "codename": "add_overridablesegment"}}, {"model": "auth.permission", "pk": 190, "fields": {"name": "Can change overridable segment", "content_type": 48, "codename": "change_overridablesegment"}}, {"model": "auth.permission", "pk": 191, "fields": {"name": "Can delete overridable segment", "content_type": 48, "codename": "delete_overridablesegment"}}, {"model": "auth.permission", "pk": 192, "fields": {"name": "Can view overridable segment", "content_type": 48, "codename": "view_overridablesegment"}}, {"model": "auth.permission", "pk": 193, "fields": {"name": "Can add segment override", "content_type": 49, "codename": "add_segmentoverride"}}, {"model": "auth.permission", "pk": 194, "fields": {"name": "Can change segment override", "content_type": 49, "codename": "change_segmentoverride"}}, {"model": "auth.permission", "pk": 195, "fields": {"name": "Can delete segment override", "content_type": 49, "codename": "delete_segmentoverride"}}, {"model": "auth.permission", "pk": 196, "fields": {"name": "Can view segment override", "content_type": 49, "codename": "view_segmentoverride"}}, {"model": "auth.permission", "pk": 197, "fields": {"name": "Can add locale synchronization", "content_type": 50, "codename": "add_localesynchronization"}}, {"model": "auth.permission", "pk": 198, "fields": {"name": "Can change locale synchronization", "content_type": 50, "codename": "change_localesynchronization"}}, {"model": "auth.permission", "pk": 199, "fields": {"name": "Can delete locale synchronization", "content_type": 50, "codename": "delete_localesynchronization"}}, {"model": "auth.permission", "pk": 200, "fields": {"name": "Can view locale synchronization", "content_type": 50, "codename": "view_localesynchronization"}}, {"model": "auth.permission", "pk": 201, "fields": {"name": "Can add uploaded document", "content_type": 51, "codename": "add_uploadeddocument"}}, {"model": "auth.permission", "pk": 202, "fields": {"name": "Can change uploaded document", "content_type": 51, "codename": "change_uploadeddocument"}}, {"model": "auth.permission", "pk": 203, "fields": {"name": "Can delete uploaded document", "content_type": 51, "codename": "delete_uploadeddocument"}}, {"model": "auth.permission", "pk": 204, "fields": {"name": "Can view uploaded document", "content_type": 51, "codename": "view_uploadeddocument"}}, {"model": "auth.permission", "pk": 205, "fields": {"name": "Can add locale", "content_type": 52, "codename": "add_locale"}}, {"model": "auth.permission", "pk": 206, "fields": {"name": "Can change locale", "content_type": 52, "codename": "change_locale"}}, {"model": "auth.permission", "pk": 207, "fields": {"name": "Can delete locale", "content_type": 52, "codename": "delete_locale"}}, {"model": "auth.permission", "pk": 208, "fields": {"name": "Can view locale", "content_type": 52, "codename": "view_locale"}}, {"model": "auth.permission", "pk": 209, "fields": {"name": "Can add comment", "content_type": 53, "codename": "add_comment"}}, {"model": "auth.permission", "pk": 210, "fields": {"name": "Can change comment", "content_type": 53, "codename": "change_comment"}}, {"model": "auth.permission", "pk": 211, "fields": {"name": "Can delete comment", "content_type": 53, "codename": "delete_comment"}}, {"model": "auth.permission", "pk": 212, "fields": {"name": "Can view comment", "content_type": 53, "codename": "view_comment"}}, {"model": "auth.permission", "pk": 213, "fields": {"name": "Can add comment reply", "content_type": 54, "codename": "add_commentreply"}}, {"model": "auth.permission", "pk": 214, "fields": {"name": "Can change comment reply", "content_type": 54, "codename": "change_commentreply"}}, {"model": "auth.permission", "pk": 215, "fields": {"name": "Can delete comment reply", "content_type": 54, "codename": "delete_commentreply"}}, {"model": "auth.permission", "pk": 216, "fields": {"name": "Can view comment reply", "content_type": 54, "codename": "view_commentreply"}}, {"model": "auth.permission", "pk": 217, "fields": {"name": "Can add page subscription", "content_type": 55, "codename": "add_pagesubscription"}}, {"model": "auth.permission", "pk": 218, "fields": {"name": "Can change page subscription", "content_type": 55, "codename": "change_pagesubscription"}}, {"model": "auth.permission", "pk": 219, "fields": {"name": "Can delete page subscription", "content_type": 55, "codename": "delete_pagesubscription"}}, {"model": "auth.permission", "pk": 220, "fields": {"name": "Can view page subscription", "content_type": 55, "codename": "view_pagesubscription"}}, {"model": "auth.permission", "pk": 221, "fields": {"name": "Can add blog post page", "content_type": 56, "codename": "add_blogpostpage"}}, {"model": "auth.permission", "pk": 222, "fields": {"name": "Can change blog post page", "content_type": 56, "codename": "change_blogpostpage"}}, {"model": "auth.permission", "pk": 223, "fields": {"name": "Can delete blog post page", "content_type": 56, "codename": "delete_blogpostpage"}}, {"model": "auth.permission", "pk": 224, "fields": {"name": "Can view blog post page", "content_type": 56, "codename": "view_blogpostpage"}}, {"model": "auth.permission", "pk": 225, "fields": {"name": "Can add blog index page", "content_type": 57, "codename": "add_blogindexpage"}}, {"model": "auth.permission", "pk": 226, "fields": {"name": "Can change blog index page", "content_type": 57, "codename": "change_blogindexpage"}}, {"model": "auth.permission", "pk": 227, "fields": {"name": "Can delete blog index page", "content_type": 57, "codename": "delete_blogindexpage"}}, {"model": "auth.permission", "pk": 228, "fields": {"name": "Can view blog index page", "content_type": 57, "codename": "view_blogindexpage"}}, {"model": "auth.permission", "pk": 229, "fields": {"name": "Can add blog category", "content_type": 58, "codename": "add_blogcategory"}}, {"model": "auth.permission", "pk": 230, "fields": {"name": "Can change blog category", "content_type": 58, "codename": "change_blogcategory"}}, {"model": "auth.permission", "pk": 231, "fields": {"name": "Can delete blog category", "content_type": 58, "codename": "delete_blogcategory"}}, {"model": "auth.permission", "pk": 232, "fields": {"name": "Can view blog category", "content_type": 58, "codename": "view_blogcategory"}}, {"model": "auth.group", "pk": 1, "fields": {"name": "Moderators", "permissions": [142, 1, 2, 3, 143, 4, 5, 6, 144, 7]}}, {"model": "auth.group", "pk": 2, "fields": {"name": "Editors", "permissions": [142, 1, 2, 3, 143, 4, 5, 6, 144, 7]}}, {"model": "auth.user", "pk": 1, "fields": {"password": "pbkdf2_sha256$216000$2xW8g3fva8d3$jBrD76D/bK+HjoBw8shXBnAlNmroj2S/TGlWBqiXCts=", "last_login": null, "is_superuser": true, "username": "manuciao", "first_name": "", "last_name": "", "email": "mn.sabatino@gmail.com", "is_staff": true, "is_active": true, "date_joined": "2021-05-05T20:35:24.498Z", "groups": [], "user_permissions": []}}, {"model": "auth.user", "pk": 2, "fields": {"password": "pbkdf2_sha256$216000$tRQw7v8fP6Sq$daTq+lHt44qjS8SHJBrTGKvUXPeApbGxbg+CNpX6+LA=", "last_login": "2021-05-17T18:57:14.909Z", "is_superuser": true, "username": "manuciao85", "first_name": "", "last_name": "", "email": "mn.sabatino@gmail.com", "is_staff": true, "is_active": true, "date_joined": "2021-05-17T17:51:24.529Z", "groups": [], "user_permissions": []}}, {"model": "contenttypes.contenttype", "pk": 1, "fields": {"app_label": "wagtailcore", "model": "page"}}, {"model": "contenttypes.contenttype", "pk": 2, "fields": {"app_label": "home", "model": "homepage"}}, {"model": "contenttypes.contenttype", "pk": 3, "fields": {"app_label": "wagtailadmin", "model": "admin"}}, {"model": "contenttypes.contenttype", "pk": 4, "fields": {"app_label": "wagtailcore", "model": "groupapprovaltask"}}, {"model": "contenttypes.contenttype", "pk": 5, "fields": {"app_label": "wagtaildocs", "model": "document"}}, {"model": "contenttypes.contenttype", "pk": 6, "fields": {"app_label": "wagtailimages", "model": "image"}}, {"model": "contenttypes.contenttype", "pk": 7, "fields": {"app_label": "wagtailforms", "model": "formsubmission"}}, {"model": "contenttypes.contenttype", "pk": 8, "fields": {"app_label": "wagtailredirects", "model": "redirect"}}, {"model": "contenttypes.contenttype", "pk": 9, "fields": {"app_label": "wagtailembeds", "model": "embed"}}, {"model": "contenttypes.contenttype", "pk": 10, "fields": {"app_label": "wagtailusers", "model": "userprofile"}}, {"model": "contenttypes.contenttype", "pk": 11, "fields": {"app_label": "wagtailimages", "model": "rendition"}}, {"model": "contenttypes.contenttype", "pk": 12, "fields": {"app_label": "wagtailimages", "model": "uploadedimage"}}, {"model": "contenttypes.contenttype", "pk": 13, "fields": {"app_label": "wagtailsearch", "model": "query"}}, {"model": "contenttypes.contenttype", "pk": 14, "fields": {"app_label": "wagtailsearch", "model": "querydailyhits"}}, {"model": "contenttypes.contenttype", "pk": 15, "fields": {"app_label": "wagtailcore", "model": "grouppagepermission"}}, {"model": "contenttypes.contenttype", "pk": 16, "fields": {"app_label": "wagtailcore", "model": "pagerevision"}}, {"model": "contenttypes.contenttype", "pk": 17, "fields": {"app_label": "wagtailcore", "model": "pageviewrestriction"}}, {"model": "contenttypes.contenttype", "pk": 18, "fields": {"app_label": "wagtailcore", "model": "site"}}, {"model": "contenttypes.contenttype", "pk": 19, "fields": {"app_label": "wagtailcore", "model": "collection"}}, {"model": "contenttypes.contenttype", "pk": 20, "fields": {"app_label": "wagtailcore", "model": "groupcollectionpermission"}}, {"model": "contenttypes.contenttype", "pk": 21, "fields": {"app_label": "wagtailcore", "model": "collectionviewrestriction"}}, {"model": "contenttypes.contenttype", "pk": 22, "fields": {"app_label": "wagtailcore", "model": "task"}}, {"model": "contenttypes.contenttype", "pk": 23, "fields": {"app_label": "wagtailcore", "model": "taskstate"}}, {"model": "contenttypes.contenttype", "pk": 24, "fields": {"app_label": "wagtailcore", "model": "workflow"}}, {"model": "contenttypes.contenttype", "pk": 25, "fields": {"app_label": "wagtailcore", "model": "workflowstate"}}, {"model": "contenttypes.contenttype", "pk": 26, "fields": {"app_label": "wagtailcore", "model": "workflowpage"}}, {"model": "contenttypes.contenttype", "pk": 27, "fields": {"app_label": "wagtailcore", "model": "workflowtask"}}, {"model": "contenttypes.contenttype", "pk": 28, "fields": {"app_label": "wagtailcore", "model": "pagelogentry"}}, {"model": "contenttypes.contenttype", "pk": 29, "fields": {"app_label": "taggit", "model": "tag"}}, {"model": "contenttypes.contenttype", "pk": 30, "fields": {"app_label": "taggit", "model": "taggeditem"}}, {"model": "contenttypes.contenttype", "pk": 31, "fields": {"app_label": "admin", "model": "logentry"}}, {"model": "contenttypes.contenttype", "pk": 32, "fields": {"app_label": "auth", "model": "permission"}}, {"model": "contenttypes.contenttype", "pk": 33, "fields": {"app_label": "auth", "model": "group"}}, {"model": "contenttypes.contenttype", "pk": 34, "fields": {"app_label": "auth", "model": "user"}}, {"model": "contenttypes.contenttype", "pk": 35, "fields": {"app_label": "contenttypes", "model": "contenttype"}}, {"model": "contenttypes.contenttype", "pk": 36, "fields": {"app_label": "sessions", "model": "session"}}, {"model": "contenttypes.contenttype", "pk": 37, "fields": {"app_label": "wagtail_localize", "model": "translation"}}, {"model": "contenttypes.contenttype", "pk": 38, "fields": {"app_label": "wagtail_localize", "model": "string"}}, {"model": "contenttypes.contenttype", "pk": 39, "fields": {"app_label": "wagtail_localize", "model": "template"}}, {"model": "contenttypes.contenttype", "pk": 40, "fields": {"app_label": "wagtail_localize", "model": "translatableobject"}}, {"model": "contenttypes.contenttype", "pk": 41, "fields": {"app_label": "wagtail_localize", "model": "translationsource"}}, {"model": "contenttypes.contenttype", "pk": 42, "fields": {"app_label": "wagtail_localize", "model": "translationlog"}}, {"model": "contenttypes.contenttype", "pk": 43, "fields": {"app_label": "wagtail_localize", "model": "translationcontext"}}, {"model": "contenttypes.contenttype", "pk": 44, "fields": {"app_label": "wagtail_localize", "model": "templatesegment"}}, {"model": "contenttypes.contenttype", "pk": 45, "fields": {"app_label": "wagtail_localize", "model": "stringsegment"}}, {"model": "contenttypes.contenttype", "pk": 46, "fields": {"app_label": "wagtail_localize", "model": "relatedobjectsegment"}}, {"model": "contenttypes.contenttype", "pk": 47, "fields": {"app_label": "wagtail_localize", "model": "stringtranslation"}}, {"model": "contenttypes.contenttype", "pk": 48, "fields": {"app_label": "wagtail_localize", "model": "overridablesegment"}}, {"model": "contenttypes.contenttype", "pk": 49, "fields": {"app_label": "wagtail_localize", "model": "segmentoverride"}}, {"model": "contenttypes.contenttype", "pk": 50, "fields": {"app_label": "wagtail_localize", "model": "localesynchronization"}}, {"model": "contenttypes.contenttype", "pk": 51, "fields": {"app_label": "wagtaildocs", "model": "uploadeddocument"}}, {"model": "contenttypes.contenttype", "pk": 52, "fields": {"app_label": "wagtailcore", "model": "locale"}}, {"model": "contenttypes.contenttype", "pk": 53, "fields": {"app_label": "wagtailcore", "model": "comment"}}, {"model": "contenttypes.contenttype", "pk": 54, "fields": {"app_label": "wagtailcore", "model": "commentreply"}}, {"model": "contenttypes.contenttype", "pk": 55, "fields": {"app_label": "wagtailcore", "model": "pagesubscription"}}, {"model": "contenttypes.contenttype", "pk": 56, "fields": {"app_label": "blog", "model": "blogpostpage"}}, {"model": "contenttypes.contenttype", "pk": 57, "fields": {"app_label": "blog", "model": "blogindexpage"}}, {"model": "contenttypes.contenttype", "pk": 58, "fields": {"app_label": "blog", "model": "blogcategory"}}, {"model": "sessions.session", "pk": "47ob1djc9mgjaztvm1n552o262ouphuf", "fields": {"session_data": ".eJxtjV1PgzAYRv8LF1w5wsdowYSLOZ3OjE33kZgY05TyAp2sRVqGxPjfhTijJrtp3jzn5PTDILTRBWkU1ISnxqXhGhd_t4SyVxADSPdU5NJiUuiaJ9agWCeqrFimUF6d3H-BgqpiyKLEGwcecyAJaRraGOPAYX4WIjfLGPPHnh8kOBl7mU0zz8bIdgMnoKzXsUPdIdrSXFNejqoajhzakXH5bDBVZweepiW0tAYt-_-jh3g6TZv2JvbUI-Rdd9vtm007nS7KoguL1Xp9v8g5oMWxQwHdV_7bbGZXFbrezdTtXTJOTAHvOjJLyWgJEQiTycMBhCZCap5xRjWXQkVSmJrr3jBV2eT9C5L8DEBrVpAUFKt5NeiRmUtS8iMQ2qfhveL193lqq9F2tZ0syGy1jjeR_TvPl_Pt_ByI50uy3MVnwOTpDzAuHOQ6LkbIw1YY-C523JfPL8OxqrM:1lii7B:s5q3wyjCkkCNJi_wEFiSD_FYDnoHjF1POPpz1nDpjzY", "expire_date": "2021-05-31T18:37:17.993Z"}}, {"model": "sessions.session", "pk": "p1zx46uan1t6wzobv8tmmk2ai4aqccqs", "fields": {"session_data": ".eJxVjDsOAiEUAO9CbQj_j6W9ZyCPB8iqgWTZrYx3V5IttJ2ZzIsE2Lca9pHXsCRyJoKcflkEfOQ2RbpDu3WKvW3rEulM6GEHvfaUn5ej_RtUGHVuTZTKSeQ5ekieWWsdR128EaUgaiW1izYqWRgUyaxhwnEH-M0tB5HI-wPXGzep:1liiQU:Mbjx-4FUrZjXMd2ybMvwFsJWPSybxfqEwH7xvLxxP_Q", "expire_date": "2021-05-31T18:57:14.914Z"}}]